Latitude,Longitude,district
24.66818,71.33144,Kutch
24.66818,71.41106,Kutch
24.66818,71.49069,Surendranagar
24.66818,71.57031,Kutch
24.66818,71.64994,Junagadh
24.66818,71.72956,Dungarpur
24.66818,71.80919,Mahesana
24.66818,71.88882,Nashik
24.66818,71.96844,Anand
24.66818,72.04807,Aravalli
24.66818,72.12769,Devbhumi
24.66818,72.20732,Surat
24.66818,72.28694,Amreli
24.66818,72.36657,Kutch
24.58758,71.25181,Jamnagar
24.58758,71.33144,Amreli
24.58758,71.41106,Bhavnagar
24.58758,71.49069,Gandhinagar
24.58758,71.57031,Valsad
24.58758,71.64994,Alirajpur
24.58758,71.72956,Junagadh
24.58758,71.80919,Bhavnagar
24.58758,71.88882,Bharuch
24.58758,71.96844,Nandurbar
24.58758,72.04807,Kutch
24.58758,72.12769,Ahmedabad
24.58758,72.20732,Surat
24.58758,72.28694,Botad
24.58758,72.36657,Mahesana
24.50698,71.25181,Rajkot
24.50698,71.33144,Sanchore
24.50698,71.41106,Mahesana
24.50698,71.49069,Vadodara
24.50698,71.57031,Kutch
24.50698,71.64994,Ahmedabad
24.50698,71.72956,Kutch
24.50698,71.80919,Jamnagar
24.50698,71.88882,Banaskantha
24.50698,71.96844,Junagadh
24.50698,72.04807,Junagadh
24.50698,72.12769,Morbi
24.50698,72.20732,Tapi
24.50698,72.28694,Panchmahal
24.50698,72.36657,Bharuch
24.50698,72.44619,Kutch
24.50698,72.60544,Aravalli
24.50698,72.68507,Jamnagar
24.42638,71.33144,Vadodara
24.42638,71.41106,Patan
24.42638,71.49069,Ahmedabad
24.42638,71.57031,Kutch
24.42638,71.64994,Kutch
24.42638,71.72956,Vadodara
24.42638,71.80919,Kheda
24.42638,71.88882,Sabarkantha
24.42638,71.96844,Kutch
24.42638,72.04807,Kutch
24.42638,72.12769,Surat
24.42638,72.20732,Kutch
24.42638,72.28694,Surendranagar
24.42638,72.36657,Tapi
24.42638,72.44619,Kutch
24.42638,72.52582,Jamnagar
24.42638,72.60544,Dahod
24.42638,72.68507,Panchmahal
24.42638,73.00357,Panchmahal
24.42638,73.08319,Kheda
24.42638,73.16282,Dahod
24.34578,71.25181,Surendranagar
24.34578,71.33144,Aravalli
24.34578,71.41106,Banswara
24.34578,71.49069,Ahmedabad
24.34578,71.57031,Banaskantha
24.34578,71.64994,Kutch
24.34578,71.72956,Mahesana
24.34578,71.80919,Sabarkantha
24.34578,71.88882,Ahmedabad
24.34578,71.96844,Sirohi
24.34578,72.04807,Narmada
24.34578,72.12769,Amreli
24.34578,72.20732,Banaskantha
24.34578,72.28694,Kutch
24.34578,72.36657,Amreli
24.34578,72.44619,Bhavnagar
24.34578,72.52582,Bhavnagar
24.34578,72.60544,Porbandar
24.34578,72.68507,Surat
24.34578,73.00357,Gir
24.34578,73.08319,Junagadh
24.34578,73.16282,Morbi
24.34578,73.24244,Gir
24.26518,71.25181,Kutch
24.26518,71.33144,Kutch
24.26518,71.41106,Tapi
24.26518,71.49069,Amreli
24.26518,71.57031,Narmada
24.26518,71.64994,Junagadh
24.26518,71.72956,Devbhumi
24.26518,71.80919,Banaskantha
24.26518,71.88882,Gir
24.26518,71.96844,Gandhinagar
24.26518,72.04807,Amreli
24.26518,72.12769,Ahmedabad
24.26518,72.20732,Surendranagar
24.26518,72.28694,Surendranagar
24.26518,72.36657,Banaskantha
24.26518,72.44619,Devbhumi
24.26518,72.52582,Rajkot
24.26518,72.60544,Surendranagar
24.26518,72.68507,Amreli
24.26518,72.76469,Rajkot
24.26518,72.84432,Sabarkantha
24.26518,72.92394,Jamnagar
24.26518,73.00357,Kutch
24.26518,73.08319,Ahmedabad
24.26518,73.16282,Gandhinagar
24.26518,73.24244,Surat
24.18458,71.25181,Narmada
24.18458,71.33144,Amreli
24.18458,71.41106,Anand
24.18458,71.49069,Kutch
24.18458,71.57031,Mahesana
24.18458,71.64994,Banaskantha
24.18458,71.72956,Kutch
24.18458,71.80919,Rajkot
24.18458,71.88882,Patan
24.18458,71.96844,Bhavnagar
24.18458,72.04807,Kutch
24.18458,72.12769,Amreli
24.18458,72.20732,Amreli
24.18458,72.28694,Amreli
24.18458,72.36657,Devbhumi
24.18458,72.44619,Surat
24.18458,72.52582,Jamnagar
24.18458,72.60544,Kutch
24.18458,72.68507,Aravalli
24.18458,72.76469,Morbi
24.18458,72.84432,Mahesana
24.18458,72.92394,Kutch
24.18458,73.00357,Jamnagar
24.18458,73.08319,Banaskantha
24.18458,73.16282,Valsad
24.10398,71.25181,Ahmedabad
24.10398,71.33144,Unknown
24.10398,71.41106,Panchmahal
24.10398,71.49069,Jamnagar
24.10398,71.57031,Porbandar
24.10398,71.64994,Surendranagar
24.10398,71.72956,Jamnagar
24.10398,71.80919,Morbi
24.10398,71.88882,Patan
24.10398,71.96844,Bharuch
24.10398,72.04807,Surendranagar
24.10398,72.12769,Rajkot
24.10398,72.20732,Morbi
24.10398,72.28694,Kutch
24.10398,72.36657,Mahesana
24.10398,72.44619,Surendranagar
24.10398,72.52582,Rajkot
24.10398,72.60544,Kheda
24.10398,72.68507,Rajkot
24.10398,72.76469,Mahesana
24.10398,72.84432,Dungarpur
24.10398,72.92394,Gir
24.10398,73.00357,Kheda
24.10398,73.08319,Aravalli
24.10398,73.16282,Bharuch
24.10398,73.24244,Tapi
24.02338,71.25181,Amreli
24.02338,71.33144,Surendranagar
24.02338,71.41106,Surendranagar
24.02338,71.49069,Kutch
24.02338,71.57031,Jamnagar
24.02338,71.64994,Rajkot
24.02338,71.72956,Unknown
24.02338,71.80919,Chhota
24.02338,71.88882,Surendranagar
24.02338,71.96844,Anand
24.02338,72.04807,Kutch
24.02338,72.12769,Bharuch
24.02338,72.20732,Morbi
24.02338,72.28694,Aravalli
24.02338,72.36657,Surendranagar
24.02338,72.44619,Surat
24.02338,72.52582,Bharuch
24.02338,72.60544,Mahisagar
24.02338,72.68507,Morbi
24.02338,72.76469,Kutch
24.02338,72.84432,Gir
24.02338,72.92394,Panchmahal
24.02338,73.00357,Bhavnagar
24.02338,73.08319,Amreli
24.02338,73.16282,Bhavnagar
24.02338,73.24244,Kutch
24.02338,73.32207,Anand
24.02338,73.40169,Gir
23.94278,70.13706,Gandhinagar
23.94278,70.21669,Sabarkantha
23.94278,70.37594,Kutch
23.94278,70.45556,Navsari
23.94278,70.53519,Ahmedabad
23.94278,70.61481,Kutch
23.94278,70.69444,Banaskantha
23.94278,70.77406,Rajkot
23.94278,70.85369,Mahesana
23.94278,71.01294,Bhavnagar
23.94278,71.09256,Vadodara
23.94278,71.25181,Banaskantha
23.94278,71.33144,Aravalli
23.94278,71.41106,Ahmedabad
23.94278,71.49069,Kutch
23.94278,71.57031,Vadodara
23.94278,71.64994,Gir
23.94278,71.72956,Dadra
23.94278,71.80919,Dungarpur
23.94278,71.88882,Botad
23.94278,71.96844,Bharuch
23.94278,72.04807,Dahod
23.94278,72.12769,Morbi
23.94278,72.20732,Chhota
23.94278,72.28694,Surendranagar
23.94278,72.36657,Ahmedabad
23.94278,72.44619,Jamnagar
23.94278,72.52582,Kutch
23.94278,72.60544,Morbi
23.94278,72.68507,Banaskantha
23.94278,72.76469,Surendranagar
23.94278,72.84432,Junagadh
23.94278,72.92394,Mahesana
23.94278,73.00357,Unknown
23.94278,73.08319,Kutch
23.94278,73.16282,Kutch
23.94278,73.24244,Panchmahal
23.94278,73.32207,Junagadh
23.94278,73.40169,Anand
23.86218,70.13706,Ahmedabad
23.86218,70.21669,Rajkot
23.86218,70.29631,Dang
23.86218,70.37594,Ahmedabad
23.86218,70.45556,Rajkot
23.86218,70.53519,Valsad
23.86218,70.61481,Kutch
23.86218,70.69444,Surat
23.86218,70.77406,Ahmedabad
23.86218,70.85369,Kheda
23.86218,71.01294,Surendranagar
23.86218,71.09256,Gir
23.86218,71.17219,Jamnagar
23.86218,71.25181,Devbhumi
23.86218,71.33144,Vadodara
23.86218,71.41106,Jamnagar
23.86218,71.49069,Kutch
23.86218,71.57031,Tapi
23.86218,71.64994,Mahesana
23.86218,71.72956,Anand
23.86218,71.80919,Surendranagar
23.86218,71.88882,Kutch
23.86218,71.96844,Bhavnagar
23.86218,72.04807,Mahisagar
23.86218,72.12769,Junagadh
23.86218,72.20732,Kutch
23.86218,72.28694,Jamnagar
23.86218,72.36657,Kutch
23.86218,72.44619,Kheda
23.86218,72.52582,Kutch
23.86218,72.60544,Devbhumi
23.86218,72.68507,Kutch
23.86218,72.76469,Amreli
23.86218,72.84432,Kheda
23.86218,72.92394,Chhota
23.86218,73.00357,Bharuch
23.86218,73.08319,Sabarkantha
23.86218,73.16282,Kutch
23.86218,73.24244,Nandurbar
23.86218,73.32207,Ahmedabad
23.86218,73.40169,Devbhumi
23.78158,70.13706,Kutch
23.78158,70.21669,Jamnagar
23.78158,70.29631,Rajkot
23.78158,70.37594,Unknown
23.78158,70.45556,Junagadh
23.78158,70.53519,Porbandar
23.78158,70.61481,Nandurbar
23.78158,70.69444,Kutch
23.78158,70.77406,Ahmedabad
23.78158,70.85369,Jamnagar
23.78158,71.09256,Rajkot
23.78158,71.17219,Bhavnagar
23.78158,71.25181,Morbi
23.78158,71.33144,Kutch
23.78158,71.41106,Amreli
23.78158,71.49069,Morbi
23.78158,71.57031,Kutch
23.78158,71.64994,Surendranagar
23.78158,71.72956,Amreli
23.78158,71.80919,Dahod
23.78158,71.88882,Banaskantha
23.78158,71.96844,Narmada
23.78158,72.04807,Kutch
23.78158,72.12769,Surat
23.78158,72.20732,Bhavnagar
23.78158,72.28694,Kutch
23.78158,72.36657,Junagadh
23.78158,72.44619,Dang
23.78158,72.52582,Valsad
23.78158,72.60544,Bharuch
23.78158,72.68507,Tapi
23.78158,72.76469,Panchmahal
23.78158,72.84432,Bharuch
23.78158,72.92394,Amreli
23.78158,73.00357,Surendranagar
23.78158,73.08319,Rajkot
23.78158,73.16282,Amreli
23.78158,73.24244,Udaipur
23.78158,73.32207,Junagadh
23.78158,73.40169,Tapi
23.78158,73.48132,Patan
23.70098,68.70381,Jamnagar
23.70098,68.78344,Dang
23.70098,69.10194,Devbhumi
23.70098,69.18156,Surat
23.70098,70.45556,Bhavnagar
23.70098,70.53519,Patan
23.70098,70.61481,Sabarkantha
23.70098,70.69444,Junagadh
23.70098,70.77406,Bhavnagar
23.70098,70.85369,Amreli
23.70098,70.93331,Banaskantha
23.70098,71.09256,Mahesana
23.70098,71.17219,Unknown
23.70098,71.25181,Devbhumi
23.70098,71.33144,Mahisagar
23.70098,71.41106,Bharuch
23.70098,71.49069,Kutch
23.70098,71.57031,Ahmedabad
23.70098,71.64994,Banaskantha
23.70098,71.72956,Kutch
23.70098,71.80919,Chhota
23.70098,71.88882,Botad
23.70098,71.96844,Kheda
23.70098,72.04807,Bharuch
23.70098,72.12769,Bhavnagar
23.70098,72.20732,Sabarkantha
23.70098,72.28694,Botad
23.70098,72.36657,Bhavnagar
23.70098,72.44619,Devbhumi
23.70098,72.52582,Anand
23.70098,72.60544,Morbi
23.70098,72.68507,Panchmahal
23.70098,72.76469,Panchmahal
23.70098,72.84432,Bhavnagar
23.70098,72.92394,Valsad
23.70098,73.00357,Porbandar
23.70098,73.08319,Surendranagar
23.70098,73.16282,Morbi
23.70098,73.24244,Kutch
23.70098,73.32207,Sabarkantha
23.70098,73.40169,Kutch
23.70098,73.48132,Mahisagar
23.70098,73.56094,Banaskantha
23.62038,68.70381,Morbi
23.62038,68.78344,Vadodara
23.62038,68.94269,Bharuch
23.62038,69.02231,Unknown
23.62038,69.10194,Morbi
23.62038,69.18156,Surendranagar
23.62038,70.29631,Ahmedabad
23.62038,70.37594,Jamnagar
23.62038,70.45556,Banaskantha
23.62038,70.53519,Botad
23.62038,70.61481,Junagadh
23.62038,70.69444,Kutch
23.62038,70.77406,Surat
23.62038,70.85369,Bharuch
23.62038,70.93331,Mahesana
23.62038,71.41106,Banaskantha
23.62038,71.49069,Patan
23.62038,71.57031,Rajkot
23.62038,71.64994,Nandurbar
23.62038,71.72956,Junagadh
23.62038,71.80919,Morbi
23.62038,71.88882,Ahmedabad
23.62038,71.96844,Gir
23.62038,72.04807,Vadodara
23.62038,72.12769,Patan
23.62038,72.20732,Ahmedabad
23.62038,72.28694,Botad
23.62038,72.36657,Kutch
23.62038,72.44619,Bhavnagar
23.62038,72.52582,Botad
23.62038,72.60544,Valsad
23.62038,72.68507,Kutch
23.62038,72.76469,Gir
23.62038,72.84432,Kutch
23.62038,72.92394,Vadodara
23.62038,73.00357,Kutch
23.62038,73.08319,Surendranagar
23.62038,73.16282,Banaskantha
23.62038,73.24244,Unknown
23.62038,73.32207,Surat
23.62038,73.40169,Bhavnagar
23.62038,73.48132,Nandurbar
23.62038,73.56094,Gandhinagar
23.62038,73.64057,Kutch
23.53978,68.94269,Junagadh
23.53978,69.02231,Narmada
23.53978,69.10194,Amreli
23.53978,69.18156,Navsari
23.53978,69.34081,Gir
23.53978,69.42044,Kutch
23.53978,69.50006,Banaskantha
23.53978,69.57969,Jamnagar
23.53978,69.65931,Banaskantha
23.53978,69.73894,Rajkot
23.53978,69.81856,Bhavnagar
23.53978,70.21669,Ahmedabad
23.53978,70.29631,Jamnagar
23.53978,70.37594,Patan
23.53978,70.45556,Unknown
23.53978,70.53519,Patan
23.53978,70.61481,Banaskantha
23.53978,70.69444,Udaipur
23.53978,70.77406,Sabarkantha
23.53978,70.85369,Dang
23.53978,70.93331,Ahmedabad
23.53978,71.01294,Aravalli
23.53978,71.41106,Chhota
23.53978,71.49069,Sabarkantha
23.53978,71.57031,Udaipur
23.53978,71.64994,Gir
23.53978,71.72956,Rajkot
23.53978,71.80919,Kutch
23.53978,71.88882,Patan
23.53978,71.96844,Panchmahal
23.53978,72.04807,Bhavnagar
23.53978,72.12769,Banaskantha
23.53978,72.20732,Kutch
23.53978,72.28694,Kheda
23.53978,72.36657,Mahesana
23.53978,72.44619,Junagadh
23.53978,72.52582,Dahod
23.53978,72.60544,Banaskantha
23.53978,72.68507,Sabarkantha
23.53978,72.76469,Mahisagar
23.53978,72.84432,Surendranagar
23.53978,72.92394,Mahesana
23.53978,73.00357,Devbhumi
23.53978,73.08319,Surendranagar
23.53978,73.16282,Porbandar
23.53978,73.24244,Banaskantha
23.53978,73.32207,Jamnagar
23.53978,73.40169,Surendranagar
23.53978,73.48132,Kutch
23.53978,73.56094,Kutch
23.53978,73.64057,Rajkot
23.45918,68.62419,Surat
23.45918,68.70381,Patan
23.45918,68.94269,Vadodara
23.45918,69.02231,Surat
23.45918,69.10194,Rajkot
23.45918,69.18156,Bhavnagar
23.45918,69.34081,Tapi
23.45918,69.42044,Kutch
23.45918,69.50006,Kutch
23.45918,69.57969,Anand
23.45918,69.65931,Dahod
23.45918,69.73894,Gandhinagar
23.45918,69.81856,Surendranagar
23.45918,69.89819,Kutch
23.45918,69.97781,Banaskantha
23.45918,70.13706,Rajkot
23.45918,70.21669,Chhota
23.45918,70.29631,Kheda
23.45918,70.37594,Sirohi
23.45918,70.45556,Dang
23.45918,70.53519,Patan
23.45918,70.61481,Banaskantha
23.45918,70.69444,Vadodara
23.45918,70.77406,Dahod
23.45918,70.85369,Devbhumi
23.45918,70.93331,Udaipur
23.45918,71.01294,Sabarkantha
23.45918,71.49069,Banaskantha
23.45918,71.57031,Patan
23.45918,71.64994,Ahmedabad
23.45918,71.72956,Dahod
23.45918,71.80919,Kheda
23.45918,71.88882,Vadodara
23.45918,71.96844,Bharuch
23.45918,72.04807,Botad
23.45918,72.12769,Morbi
23.45918,72.20732,Gir
23.45918,72.28694,Kutch
23.45918,72.36657,Kutch
23.45918,72.44619,Banaskantha
23.45918,72.52582,Banaskantha
23.45918,72.60544,Sabarkantha
23.45918,72.68507,Bhavnagar
23.45918,72.76469,Kheda
23.45918,72.84432,Surendranagar
23.45918,72.92394,Rajkot
23.45918,73.00357,Vadodara
23.45918,73.08319,Botad
23.45918,73.16282,Narmada
23.45918,73.24244,Surat
23.45918,73.32207,Rajkot
23.45918,73.40169,Dahod
23.45918,73.48132,Bhavnagar
23.45918,73.56094,Vadodara
23.45918,73.64057,Jamnagar
23.45918,73.72019,Jamnagar
23.45918,73.79982,Sabarkantha
23.45918,73.87944,Gir
23.37858,68.62419,Chhota
23.37858,68.70381,Surat
23.37858,68.78344,Tapi
23.37858,68.86306,Sabarkantha
23.37858,68.94269,Ahmedabad
23.37858,69.02231,Botad
23.37858,69.10194,Morbi
23.37858,69.18156,Surendranagar
23.37858,69.26119,Sirohi
23.37858,69.34081,Unknown
23.37858,69.42044,Rajkot
23.37858,69.50006,Ahmedabad
23.37858,69.57969,Surendranagar
23.37858,69.65931,Tapi
23.37858,69.73894,Amreli
23.37858,69.81856,Devbhumi
23.37858,69.89819,Bharuch
23.37858,69.97781,Junagadh
23.37858,70.05744,Patan
23.37858,70.13706,Tapi
23.37858,70.21669,Bhavnagar
23.37858,70.29631,Gir
23.37858,70.37594,Kutch
23.37858,70.45556,Patan
23.37858,70.53519,Junagadh
23.37858,70.61481,Patan
23.37858,70.69444,Kutch
23.37858,70.77406,Kutch
23.37858,70.85369,Dang
23.37858,70.93331,Surendranagar
23.37858,71.57031,Palghar
23.37858,71.64994,Valsad
23.37858,71.72956,Mahesana
23.37858,71.80919,Porbandar
23.37858,71.88882,Sabarkantha
23.37858,71.96844,Junagadh
23.37858,72.04807,Narmada
23.37858,72.12769,Surat
23.37858,72.20732,Kutch
23.37858,72.28694,Botad
23.37858,72.36657,Kutch
23.37858,72.44619,Banaskantha
23.37858,72.52582,Kutch
23.37858,72.60544,Rajkot
23.37858,72.68507,Kutch
23.37858,72.76469,Bhavnagar
23.37858,72.84432,Amreli
23.37858,72.92394,Porbandar
23.37858,73.00357,Kutch
23.37858,73.08319,Surendranagar
23.37858,73.16282,Dahod
23.37858,73.24244,Bhavnagar
23.37858,73.32207,Amreli
23.37858,73.40169,Ahmedabad
23.37858,73.48132,Banaskantha
23.37858,73.56094,Banaskantha
23.37858,73.64057,Devbhumi
23.37858,73.72019,Unknown
23.37858,73.79982,Morbi
23.37858,73.87944,Rajkot
23.37858,73.95907,Junagadh
23.29797,68.70381,Patan
23.29797,68.78344,Surendranagar
23.29797,68.86306,Kutch
23.29797,68.94269,Banaskantha
23.29797,69.02231,Valsad
23.29797,69.10194,Nandurbar
23.29797,69.18156,Bharuch
23.29797,69.26119,Vadodara
23.29797,69.34081,Navsari
23.29797,69.42044,Banaskantha
23.29797,69.50006,Unknown
23.29797,69.57969,Aravalli
23.29797,69.65931,Bhavnagar
23.29797,69.73894,Porbandar
23.29797,69.81856,Kutch
23.29797,69.89819,Dahod
23.29797,69.97781,Valsad
23.29797,70.05744,Amreli
23.29797,70.13706,Jamnagar
23.29797,70.21669,Navsari
23.29797,70.29631,Patan
23.29797,70.37594,Banaskantha
23.29797,70.45556,Banaskantha
23.29797,70.53519,Ahmedabad
23.29797,70.61481,Amreli
23.29797,70.69444,Surendranagar
23.29797,70.77406,Ahmedabad
23.29797,70.85369,Rajkot
23.29797,70.93331,Kutch
23.29797,71.57031,Nandurbar
23.29797,71.64994,Banaskantha
23.29797,71.72956,Mahesana
23.29797,71.80919,Valsad
23.29797,71.88882,Aravalli
23.29797,71.96844,Rajkot
23.29797,72.04807,Kutch
23.29797,72.12769,Banaskantha
23.29797,72.20732,Diu
23.29797,72.28694,Panchmahal
23.29797,72.36657,Kheda
23.29797,72.44619,Banaskantha
23.29797,72.52582,Tapi
23.29797,72.60544,Patan
23.29797,72.68507,Kutch
23.29797,72.76469,Kutch
23.29797,72.84432,Kutch
23.29797,72.92394,Chhota
23.29797,73.00357,Nandurbar
23.29797,73.08319,Amreli
23.29797,73.16282,Chhota
23.29797,73.24244,Morbi
23.29797,73.32207,Junagadh
23.29797,73.40169,Kutch
23.29797,73.48132,Panchmahal
23.29797,73.56094,Kutch
23.29797,73.64057,Rajkot
23.29797,73.72019,Vadodara
23.29797,73.79982,Ahmedabad
23.29797,73.87944,Unknown
23.29797,73.95907,Junagadh
23.29797,74.03869,Mahisagar
23.29797,74.11832,Kutch
23.21737,68.70381,Kutch
23.21737,68.78344,Panchmahal
23.21737,68.86306,Valsad
23.21737,68.94269,Jhabua
23.21737,69.02231,Sabarkantha
23.21737,69.10194,Palghar
23.21737,69.18156,Dahod
23.21737,69.26119,Porbandar
23.21737,69.34081,Banaskantha
23.21737,69.42044,Kutch
23.21737,69.50006,Kutch
23.21737,69.57969,Panchmahal
23.21737,69.65931,Junagadh
23.21737,69.73894,Junagadh
23.21737,69.81856,Surat
23.21737,69.89819,Bhavnagar
23.21737,69.97781,Rajkot
23.21737,70.05744,Banaskantha
23.21737,70.13706,Amreli
23.21737,70.21669,Kheda
23.21737,70.29631,Narmada
23.21737,70.37594,Gir
23.21737,70.45556,Junagadh
23.21737,70.53519,Amreli
23.21737,70.61481,Sabarkantha
23.21737,70.69444,Porbandar
23.21737,70.77406,Devbhumi
23.21737,70.93331,Unknown
23.21737,71.01294,Kutch
23.21737,71.09256,Kutch
23.21737,71.17219,Kutch
23.21737,71.25181,Gir
23.21737,71.33144,Rajkot
23.21737,71.41106,Devbhumi
23.21737,71.64994,Rajkot
23.21737,71.72956,Bharuch
23.21737,71.80919,Dang
23.21737,71.88882,Surendranagar
23.21737,71.96844,Jamnagar
23.21737,72.04807,Rajkot
23.21737,72.12769,Kheda
23.21737,72.20732,Kutch
23.21737,72.28694,Devbhumi
23.21737,72.36657,Vadodara
23.21737,72.44619,Junagadh
23.21737,72.52582,Jamnagar
23.21737,72.60544,Banaskantha
23.21737,72.68507,Valsad
23.21737,72.76469,Panchmahal
23.21737,72.84432,Surat
23.21737,72.92394,Ahmedabad
23.21737,73.00357,Sabarkantha
23.21737,73.08319,Junagadh
23.21737,73.16282,Nashik
23.21737,73.24244,Vadodara
23.21737,73.32207,Ahmedabad
23.21737,73.40169,Jamnagar
23.21737,73.48132,Surendranagar
23.21737,73.56094,Gandhinagar
23.21737,73.64057,Navsari
23.21737,73.72019,Kutch
23.21737,73.79982,Tapi
23.21737,73.87944,Morbi
23.21737,73.95907,Chhota
23.21737,74.03869,Ahmedabad
23.21737,74.11832,Bharuch
23.21737,74.19794,Bhavnagar
23.21737,74.27757,Udaipur
23.13677,68.70381,Mahesana
23.13677,68.78344,Banaskantha
23.13677,68.86306,Aravalli
23.13677,68.94269,Bharuch
23.13677,69.02231,Gandhinagar
23.13677,69.10194,Dahod
23.13677,69.18156,Surat
23.13677,69.26119,Bhavnagar
23.13677,69.34081,Mahisagar
23.13677,69.42044,Devbhumi
23.13677,69.50006,Tapi
23.13677,69.57969,Bharuch
23.13677,69.65931,Narmada
23.13677,69.73894,Bharuch
23.13677,69.81856,Banaskantha
23.13677,69.89819,Kutch
23.13677,69.97781,Patan
23.13677,70.05744,Rajkot
23.13677,70.13706,Kutch
23.13677,70.21669,Dadra
23.13677,70.45556,Mahesana
23.13677,70.53519,Amreli
23.13677,70.61481,Unknown
23.13677,70.69444,Kutch
23.13677,70.77406,Kheda
23.13677,70.85369,Amreli
23.13677,70.93331,Sabarkantha
23.13677,71.01294,Bharuch
23.13677,71.09256,Bhavnagar
23.13677,71.17219,Mahisagar
23.13677,71.25181,Sabarkantha
23.13677,71.33144,Ahmedabad
23.13677,71.41106,Junagadh
23.13677,71.49069,Narmada
23.13677,71.57031,Devbhumi
23.13677,71.64994,Amreli
23.13677,71.72956,Surendranagar
23.13677,71.80919,Junagadh
23.13677,71.88882,Aravalli
23.13677,71.96844,Vadodara
23.13677,72.04807,Navsari
23.13677,72.12769,Porbandar
23.13677,72.20732,Kutch
23.13677,72.28694,Kutch
23.13677,72.36657,Gir
23.13677,72.44619,Devbhumi
23.13677,72.52582,Mahesana
23.13677,72.60544,Botad
23.13677,72.68507,Kheda
23.13677,72.76469,Patan
23.13677,72.84432,Surendranagar
23.13677,72.92394,Bhavnagar
23.13677,73.00357,Mahesana
23.13677,73.08319,Surendranagar
23.13677,73.16282,Bharuch
23.13677,73.24244,Anand
23.13677,73.32207,Valsad
23.13677,73.40169,Alirajpur
23.13677,73.48132,Amreli
23.13677,73.56094,Amreli
23.13677,73.64057,Tapi
23.13677,73.72019,Jamnagar
23.13677,73.79982,Surendranagar
23.13677,73.87944,Bhavnagar
23.13677,73.95907,Dahod
23.13677,74.03869,Jamnagar
23.13677,74.11832,Kutch
23.13677,74.19794,Jamnagar
23.13677,74.27757,Kutch
23.13677,74.35719,Sanchore
23.05617,68.78344,Sabarkantha
23.05617,68.86306,Kutch
23.05617,68.94269,Surendranagar
23.05617,69.02231,Aravalli
23.05617,69.10194,Kutch
23.05617,69.18156,Rajkot
23.05617,69.26119,Patan
23.05617,69.34081,Kutch
23.05617,69.42044,Bhavnagar
23.05617,69.50006,Botad
23.05617,69.57969,Chhota
23.05617,69.65931,Kheda
23.05617,69.73894,Ahmedabad
23.05617,69.81856,Panchmahal
23.05617,69.89819,Patan
23.05617,69.97781,Chhota
23.05617,70.05744,Morbi
23.05617,70.53519,Jamnagar
23.05617,70.61481,Botad
23.05617,70.69444,Ahmedabad
23.05617,70.77406,Bhavnagar
23.05617,70.85369,Botad
23.05617,70.93331,Mahisagar
23.05617,71.01294,Patan
23.05617,71.09256,Gandhinagar
23.05617,71.17219,Dang
23.05617,71.25181,Botad
23.05617,71.33144,Jamnagar
23.05617,71.41106,Dahod
23.05617,71.49069,Kutch
23.05617,71.57031,Devbhumi
23.05617,71.64994,Narmada
23.05617,71.72956,Bharuch
23.05617,71.80919,Sirohi
23.05617,71.88882,Narmada
23.05617,71.96844,Kutch
23.05617,72.04807,Narmada
23.05617,72.12769,Patan
23.05617,72.20732,Banaskantha
23.05617,72.28694,Dahod
23.05617,72.36657,Banaskantha
23.05617,72.44619,Kutch
23.05617,72.52582,Patan
23.05617,72.60544,Kheda
23.05617,72.68507,Vadodara
23.05617,72.76469,Tapi
23.05617,72.84432,Patan
23.05617,72.92394,Gir
23.05617,73.00357,Amreli
23.05617,73.08319,Surendranagar
23.05617,73.16282,Surendranagar
23.05617,73.24244,Ahmedabad
23.05617,73.32207,Banaskantha
23.05617,73.40169,Gandhinagar
23.05617,73.48132,Kutch
23.05617,73.56094,Porbandar
23.05617,73.64057,Botad
23.05617,73.72019,Jamnagar
23.05617,73.79982,Bhavnagar
23.05617,73.87944,Junagadh
23.05617,73.95907,Devbhumi
23.05617,74.03869,Kheda
23.05617,74.11832,Tapi
23.05617,74.19794,Dang
23.05617,74.27757,Narmada
23.05617,74.35719,Bharuch
22.97557,68.86306,Kutch
22.97557,68.94269,Devbhumi
22.97557,69.02231,Mahesana
22.97557,69.10194,Morbi
22.97557,69.18156,Kutch
22.97557,69.26119,Bhavnagar
22.97557,69.34081,Banaskantha
22.97557,69.42044,Bhavnagar
22.97557,69.50006,Morbi
22.97557,69.57969,Nandurbar
22.97557,69.65931,Bhavnagar
22.97557,69.73894,Vadodara
22.97557,69.81856,Bhavnagar
22.97557,69.89819,Anand
22.97557,69.97781,Chhota
22.97557,70.05744,Kutch
22.97557,70.53519,Navsari
22.97557,70.61481,Kutch
22.97557,70.69444,Porbandar
22.97557,70.77406,Porbandar
22.97557,70.85369,Unknown
22.97557,70.93331,Rajkot
22.97557,71.01294,Amreli
22.97557,71.09256,Morbi
22.97557,71.17219,Sabarkantha
22.97557,71.25181,Mahisagar
22.97557,71.33144,Morbi
22.97557,71.41106,Dang
22.97557,71.49069,Dahod
22.97557,71.57031,Surendranagar
22.97557,71.64994,Panchmahal
22.97557,71.72956,Narmada
22.97557,71.80919,Banaskantha
22.97557,71.88882,Bharuch
22.97557,71.96844,Banaskantha
22.97557,72.04807,Navsari
22.97557,72.12769,Vadodara
22.97557,72.20732,Patan
22.97557,72.28694,Surendranagar
22.97557,72.36657,Chhota
22.97557,72.44619,Junagadh
22.97557,72.52582,Jamnagar
22.97557,72.60544,Junagadh
22.97557,72.68507,Tapi
22.97557,72.76469,Bharuch
22.97557,72.84432,Amreli
22.97557,72.92394,Kutch
22.97557,73.00357,Surendranagar
22.97557,73.08319,Dang
22.97557,73.16282,Dahod
22.97557,73.24244,Mahesana
22.97557,73.32207,Banaskantha
22.97557,73.40169,Amreli
22.97557,73.48132,Surat
22.97557,73.56094,Ahmedabad
22.97557,73.64057,Kutch
22.97557,73.72019,Sabarkantha
22.97557,73.79982,Jamnagar
22.97557,73.87944,Anand
22.97557,73.95907,Chhota
22.97557,74.03869,Gandhinagar
22.97557,74.11832,Rajkot
22.97557,74.19794,Tapi
22.97557,74.27757,Panchmahal
22.89497,69.02231,Rajkot
22.89497,69.10194,Bharuch
22.89497,69.18156,Bharuch
22.89497,69.26119,Amreli
22.89497,69.34081,Amreli
22.89497,69.42044,Dahod
22.89497,69.50006,Bhavnagar
22.89497,69.57969,Bharuch
22.89497,69.65931,Surat
22.89497,69.73894,Banaskantha
22.89497,69.81856,Junagadh
22.89497,69.89819,Unknown
22.89497,69.97781,Sabarkantha
22.89497,70.05744,Mahesana
22.89497,70.45556,Bhavnagar
22.89497,70.53519,Rajkot
22.89497,70.61481,Vadodara
22.89497,70.69444,Kheda
22.89497,70.77406,Surat
22.89497,70.85369,Kutch
22.89497,70.93331,Kutch
22.89497,71.01294,Valsad
22.89497,71.09256,Surendranagar
22.89497,71.17219,Mahesana
22.89497,71.25181,Kutch
22.89497,71.33144,Kutch
22.89497,71.41106,Kutch
22.89497,71.49069,Panchmahal
22.89497,71.57031,Jamnagar
22.89497,71.64994,Kutch
22.89497,71.72956,Surendranagar
22.89497,71.80919,Porbandar
22.89497,71.88882,Sabarkantha
22.89497,71.96844,Surendranagar
22.89497,72.04807,Valsad
22.89497,72.12769,Surendranagar
22.89497,72.20732,Devbhumi
22.89497,72.28694,Kutch
22.89497,72.36657,Kutch
22.89497,72.44619,Dungarpur
22.89497,72.52582,Banaskantha
22.89497,72.60544,Kutch
22.89497,72.68507,Devbhumi
22.89497,72.76469,Nandurbar
22.89497,72.84432,Jamnagar
22.89497,72.92394,Kutch
22.89497,73.00357,Banaskantha
22.89497,73.08319,Aravalli
22.89497,73.16282,Devbhumi
22.89497,73.24244,Amreli
22.89497,73.32207,Rajkot
22.89497,73.40169,Sabarkantha
22.89497,73.48132,Surendranagar
22.89497,73.56094,Bhavnagar
22.89497,73.64057,Mahesana
22.89497,73.72019,Valsad
22.89497,73.79982,Surendranagar
22.89497,73.87944,Amreli
22.89497,73.95907,Bharuch
22.89497,74.03869,Sabarkantha
22.89497,74.11832,Mahisagar
22.89497,74.19794,Gir
22.89497,74.27757,Patan
22.89497,74.35719,Dahod
22.89497,74.43682,Vadodara
22.81437,69.10194,Mahesana
22.81437,69.18156,Sabarkantha
22.81437,69.26119,Ahmedabad
22.81437,69.34081,Jamnagar
22.81437,69.42044,Dahod
22.81437,69.50006,Gir
22.81437,69.57969,Porbandar
22.81437,69.65931,Tapi
22.81437,69.73894,Banaskantha
22.81437,69.81856,Kutch
22.81437,70.37594,Bharuch
22.81437,70.45556,Kutch
22.81437,70.53519,Aravalli
22.81437,70.61481,Ahmedabad
22.81437,70.69444,Surendranagar
22.81437,70.77406,Ahmedabad
22.81437,70.85369,Junagadh
22.81437,70.93331,Navsari
22.81437,71.01294,Bharuch
22.81437,71.09256,Kutch
22.81437,71.17219,Porbandar
22.81437,71.25181,Sabarkantha
22.81437,71.33144,Devbhumi
22.81437,71.41106,Morbi
22.81437,71.49069,Dahod
22.81437,71.57031,Kutch
22.81437,71.64994,Sabarkantha
22.81437,71.72956,Kutch
22.81437,71.80919,Gir
22.81437,71.88882,Surendranagar
22.81437,71.96844,Rajkot
22.81437,72.04807,Unknown
22.81437,72.12769,Kutch
22.81437,72.20732,Amreli
22.81437,72.28694,Tapi
22.81437,72.36657,Tapi
22.81437,72.44619,Rajkot
22.81437,72.52582,Vadodara
22.81437,72.60544,Bharuch
22.81437,72.68507,Amreli
22.81437,72.76469,Morbi
22.81437,72.84432,Junagadh
22.81437,72.92394,Kutch
22.81437,73.00357,Banaskantha
22.81437,73.08319,Narmada
22.81437,73.16282,Navsari
22.81437,73.24244,Devbhumi
22.81437,73.32207,Junagadh
22.81437,73.40169,Rajkot
22.81437,73.48132,Kutch
22.81437,73.56094,Devbhumi
22.81437,73.64057,Valsad
22.81437,73.72019,Panchmahal
22.81437,73.79982,Kutch
22.81437,73.87944,Chhota
22.81437,73.95907,Bhavnagar
22.81437,74.03869,Kutch
22.81437,74.11832,Junagadh
22.81437,74.19794,Bharuch
22.81437,74.27757,Banaskantha
22.81437,74.35719,Kutch
22.81437,74.43682,Bhavnagar
22.73377,69.57969,Kutch
22.73377,69.65931,Mahesana
22.73377,70.29631,Devbhumi
22.73377,70.37594,Bhavnagar
22.73377,70.45556,Devbhumi
22.73377,70.53519,Tapi
22.73377,70.61481,Banaskantha
22.73377,70.69444,Kutch
22.73377,70.77406,Valsad
22.73377,70.85369,Banaskantha
22.73377,70.93331,Kheda
22.73377,71.01294,Mahisagar
22.73377,71.09256,Tapi
22.73377,71.17219,Kutch
22.73377,71.25181,Junagadh
22.73377,71.33144,Ahmedabad
22.73377,71.41106,Surendranagar
22.73377,71.49069,Kheda
22.73377,71.57031,Surat
22.73377,71.64994,Patan
22.73377,71.72956,Banaskantha
22.73377,71.80919,Sabarkantha
22.73377,71.88882,Banaskantha
22.73377,71.96844,Kutch
22.73377,72.04807,Anand
22.73377,72.12769,Surat
22.73377,72.20732,Amreli
22.73377,72.28694,Anand
22.73377,72.36657,Rajkot
22.73377,72.44619,Tapi
22.73377,72.52582,Banaskantha
22.73377,72.60544,Junagadh
22.73377,72.68507,Bharuch
22.73377,72.76469,Nandurbar
22.73377,72.84432,Devbhumi
22.73377,72.92394,Tapi
22.73377,73.00357,Vadodara
22.73377,73.08319,Banaskantha
22.73377,73.16282,Tapi
22.73377,73.24244,Amreli
22.73377,73.32207,Aravalli
22.73377,73.40169,Narmada
22.73377,73.48132,Gandhinagar
22.73377,73.56094,Surendranagar
22.73377,73.64057,Jamnagar
22.73377,73.72019,Bhavnagar
22.73377,73.79982,Mahesana
22.73377,73.87944,Morbi
22.73377,73.95907,Unknown
22.73377,74.03869,Valsad
22.73377,74.11832,Jamnagar
22.73377,74.19794,Tapi
22.73377,74.27757,Dahod
22.73377,74.35719,Valsad
22.73377,74.43682,Bhavnagar
22.65317,70.21669,Patan
22.65317,70.29631,Bhavnagar
22.65317,70.37594,Patan
22.65317,70.45556,Junagadh
22.65317,70.53519,Amreli
22.65317,70.61481,Dang
22.65317,70.69444,Kutch
22.65317,70.77406,Dahod
22.65317,70.85369,Surendranagar
22.65317,70.93331,Kheda
22.65317,71.01294,Porbandar
22.65317,71.09256,Devbhumi
22.65317,71.17219,Chhota
22.65317,71.25181,Ahmedabad
22.65317,71.33144,Panchmahal
22.65317,71.41106,Navsari
22.65317,71.49069,Anand
22.65317,71.57031,Panchmahal
22.65317,71.64994,Bharuch
22.65317,71.72956,Bharuch
22.65317,71.80919,Junagadh
22.65317,71.88882,Dadra
22.65317,71.96844,Kheda
22.65317,72.04807,Vadodara
22.65317,72.12769,Patan
22.65317,72.20732,Kutch
22.65317,72.28694,Kutch
22.65317,72.36657,Botad
22.65317,72.44619,Porbandar
22.65317,72.52582,Dahod
22.65317,72.60544,Rajkot
22.65317,72.68507,Amreli
22.65317,72.76469,Kutch
22.65317,72.84432,Kutch
22.65317,72.92394,Surendranagar
22.65317,73.00357,Amreli
22.65317,73.08319,Rajkot
22.65317,73.16282,Surendranagar
22.65317,73.24244,Bharuch
22.65317,73.32207,Surendranagar
22.65317,73.40169,Bharuch
22.65317,73.48132,Mahesana
22.65317,73.56094,Udaipur
22.65317,73.64057,Rajkot
22.65317,73.72019,Navsari
22.65317,73.79982,Banaskantha
22.65317,73.87944,Surat
22.65317,73.95907,Panchmahal
22.65317,74.03869,Amreli
22.65317,74.11832,Botad
22.65317,74.19794,Banaskantha
22.65317,74.27757,Dahod
22.65317,74.35719,Kutch
22.65317,74.43682,Gir
22.57257,70.13706,Unknown
22.57257,70.21669,Banaskantha
22.57257,70.29631,Gir
22.57257,70.37594,Surendranagar
22.57257,70.45556,Kutch
22.57257,70.53519,Surat
22.57257,70.61481,Banaskantha
22.57257,70.69444,Bharuch
22.57257,70.77406,Devbhumi
22.57257,70.85369,Amreli
22.57257,70.93331,Dungarpur
22.57257,71.01294,Junagadh
22.57257,71.09256,Kutch
22.57257,71.17219,Kheda
22.57257,71.25181,Jamnagar
22.57257,71.33144,Vadodara
22.57257,71.41106,Patan
22.57257,71.49069,Amreli
22.57257,71.57031,Surendranagar
22.57257,71.64994,Sabarkantha
22.57257,71.72956,Bharuch
22.57257,71.80919,Amreli
22.57257,71.88882,Banswara
22.57257,71.96844,Nandurbar
22.57257,72.04807,Kutch
22.57257,72.12769,Banaskantha
22.57257,72.20732,Valsad
22.57257,72.28694,Kutch
22.57257,72.36657,Mahisagar
22.57257,72.44619,Panchmahal
22.57257,72.52582,Narmada
22.57257,72.60544,Ahmedabad
22.57257,72.68507,Anand
22.57257,72.76469,Bharuch
22.57257,72.84432,Kutch
22.57257,72.92394,Mahesana
22.57257,73.00357,Narmada
22.57257,73.08319,Amreli
22.57257,73.16282,Banaskantha
22.57257,73.24244,Chhota
22.57257,73.32207,Chhota
22.57257,73.40169,Dadra
22.57257,73.48132,Banaskantha
22.57257,73.56094,Porbandar
22.57257,73.64057,Banaskantha
22.57257,73.72019,Sirohi
22.57257,73.79982,Devbhumi
22.57257,73.87944,Sabarkantha
22.57257,73.95907,Chhota
22.57257,74.03869,Kheda
22.57257,74.11832,Dang
22.57257,74.19794,Porbandar
22.57257,74.27757,Porbandar
22.49197,69.89819,Banaskantha
22.49197,69.97781,Banaskantha
22.49197,70.05744,Sabarkantha
22.49197,70.13706,Gir
22.49197,70.21669,Rajkot
22.49197,70.29631,Gir
22.49197,70.37594,Kutch
22.49197,70.45556,Kheda
22.49197,70.53519,Chhota
22.49197,70.61481,Junagadh
22.49197,70.69444,Kheda
22.49197,70.77406,Jamnagar
22.49197,70.85369,Devbhumi
22.49197,70.93331,Rajkot
22.49197,71.01294,Panchmahal
22.49197,71.09256,Bhavnagar
22.49197,71.17219,Jamnagar
22.49197,71.25181,Chhota
22.49197,71.33144,Kutch
22.49197,71.41106,Amreli
22.49197,71.49069,Morbi
22.49197,71.57031,Mahesana
22.49197,71.64994,Mahesana
22.49197,71.72956,Jamnagar
22.49197,71.80919,Aravalli
22.49197,71.88882,Kheda
22.49197,71.96844,Bharuch
22.49197,72.04807,Banaskantha
22.49197,72.12769,Banaskantha
22.49197,72.20732,Nandurbar
22.49197,72.28694,Banaskantha
22.49197,72.36657,Aravalli
22.49197,72.44619,Bharuch
22.49197,72.52582,Aravalli
22.49197,72.60544,Narmada
22.49197,72.68507,Bhavnagar
22.49197,72.76469,Gir
22.49197,72.84432,Devbhumi
22.49197,72.92394,Kutch
22.49197,73.00357,Narmada
22.49197,73.08319,Unknown
22.49197,73.16282,Bhavnagar
22.49197,73.24244,Bhavnagar
22.49197,73.32207,Patan
22.49197,73.40169,Ahmedabad
22.49197,73.48132,Ahmedabad
22.49197,73.56094,Morbi
22.49197,73.64057,Mahesana
22.49197,73.72019,Kutch
22.49197,73.79982,Bharuch
22.49197,73.87944,Rajkot
22.49197,73.95907,Surendranagar
22.49197,74.03869,Nashik
22.49197,74.11832,Ahmedabad
22.41137,69.02231,Bharuch
22.41137,69.10194,Bhavnagar
22.41137,69.65931,Banaskantha
22.41137,69.73894,Kutch
22.41137,69.81856,Junagadh
22.41137,69.89819,Patan
22.41137,69.97781,Morbi
22.41137,70.05744,Vadodara
22.41137,70.13706,Devbhumi
22.41137,70.21669,Valsad
22.41137,70.29631,Kutch
22.41137,70.37594,Morbi
22.41137,70.45556,Amreli
22.41137,70.53519,Ahmedabad
22.41137,70.61481,Sanchore
22.41137,70.69444,Narmada
22.41137,70.77406,Kutch
22.41137,70.85369,Morbi
22.41137,70.93331,Bharuch
22.41137,71.01294,Mahesana
22.41137,71.09256,Porbandar
22.41137,71.17219,Anand
22.41137,71.25181,Patan
22.41137,71.33144,Kutch
22.41137,71.41106,Kutch
22.41137,71.49069,Amreli
22.41137,71.57031,Ahmedabad
22.41137,71.64994,Unknown
22.41137,71.72956,Mahesana
22.41137,71.80919,Surendranagar
22.41137,71.88882,Kheda
22.41137,71.96844,Narmada
22.41137,72.04807,Amreli
22.41137,72.12769,Kutch
22.41137,72.20732,Kheda
22.41137,72.28694,Morbi
22.41137,72.36657,Patan
22.41137,72.44619,Porbandar
22.41137,72.52582,Kutch
22.41137,72.60544,Jamnagar
22.41137,72.68507,Patan
22.41137,72.76469,Banaskantha
22.41137,72.84432,Gandhinagar
22.41137,72.92394,Botad
22.41137,73.00357,Botad
22.41137,73.08319,Dahod
22.41137,73.16282,Surendranagar
22.41137,73.24244,Devbhumi
22.41137,73.32207,Banaskantha
22.41137,73.40169,Ahmedabad
22.41137,73.48132,Valsad
22.41137,73.56094,Morbi
22.41137,73.64057,Surendranagar
22.41137,73.72019,Surat
22.41137,73.79982,Bhavnagar
22.41137,73.87944,Bharuch
22.41137,73.95907,Unknown
22.41137,74.03869,Amreli
22.41137,74.11832,Banswara
22.41137,74.19794,Bhavnagar
22.33077,69.02231,Surendranagar
22.33077,69.10194,Aravalli
22.33077,69.18156,Mahisagar
22.33077,69.26119,Morbi
22.33077,69.34081,Kheda
22.33077,69.42044,Navsari
22.33077,69.50006,Jamnagar
22.33077,69.57969,Ahmedabad
22.33077,69.65931,Kutch
22.33077,69.73894,Sabarkantha
22.33077,69.81856,Kutch
22.33077,69.89819,Kutch
22.33077,69.97781,Aravalli
22.33077,70.05744,Junagadh
22.33077,70.13706,Mahisagar
22.33077,70.21669,Rajkot
22.33077,70.29631,Morbi
22.33077,70.37594,Surendranagar
22.33077,70.45556,Panchmahal
22.33077,70.53519,Kutch
22.33077,70.61481,Jamnagar
22.33077,70.69444,Patan
22.33077,70.77406,Surendranagar
22.33077,70.85369,Anand
22.33077,70.93331,Amreli
22.33077,71.01294,Banaskantha
22.33077,71.09256,Junagadh
22.33077,71.17219,Mahesana
22.33077,71.25181,Dang
22.33077,71.33144,Ahmedabad
22.33077,71.41106,Gir
22.33077,71.49069,Bharuch
22.33077,71.57031,Mahesana
22.33077,71.64994,Navsari
22.33077,71.72956,Jamnagar
22.33077,71.80919,Morbi
22.33077,71.88882,Gir
22.33077,71.96844,Panchmahal
22.33077,72.04807,Kutch
22.33077,72.12769,Porbandar
22.33077,72.20732,Kutch
22.33077,72.28694,Ahmedabad
22.33077,72.36657,Tapi
22.33077,72.44619,Junagadh
22.33077,72.52582,Alirajpur
22.33077,72.60544,Rajkot
22.33077,72.68507,Aravalli
22.33077,72.76469,Surat
22.33077,72.84432,Bhavnagar
22.33077,72.92394,Amreli
22.33077,73.00357,Surendranagar
22.33077,73.08319,Bharuch
22.33077,73.16282,Kutch
22.33077,73.24244,Rajkot
22.33077,73.32207,Patan
22.33077,73.40169,Panchmahal
22.33077,73.48132,Amreli
22.33077,73.56094,Aravalli
22.33077,73.64057,Valsad
22.33077,73.72019,Narmada
22.33077,73.79982,Banaskantha
22.33077,73.87944,Banaskantha
22.33077,73.95907,Patan
22.33077,74.03869,Anand
22.33077,74.11832,Chhota
22.33077,74.19794,Patan
22.25017,69.02231,Rajkot
22.25017,69.10194,Surat
22.25017,69.18156,Bhavnagar
22.25017,69.26119,Ahmedabad
22.25017,69.34081,Valsad
22.25017,69.42044,Surat
22.25017,69.50006,Chhota
22.25017,69.57969,Dadra
22.25017,69.65931,Kutch
22.25017,69.73894,Jamnagar
22.25017,69.81856,Ahmedabad
22.25017,69.89819,Surendranagar
22.25017,69.97781,Valsad
22.25017,70.05744,Patan
22.25017,70.13706,Gandhinagar
22.25017,70.21669,Amreli
22.25017,70.29631,Jamnagar
22.25017,70.37594,Rajkot
22.25017,70.45556,Kutch
22.25017,70.53519,Gandhinagar
22.25017,70.61481,Udaipur
22.25017,70.69444,Kutch
22.25017,70.77406,Amreli
22.25017,70.85369,Navsari
22.25017,70.93331,Tapi
22.25017,71.01294,Surendranagar
22.25017,71.09256,Bhavnagar
22.25017,71.17219,Alirajpur
22.25017,71.25181,Surendranagar
22.25017,71.33144,Nandurbar
22.25017,71.41106,Jamnagar
22.25017,71.49069,Kutch
22.25017,71.57031,Jhabua
22.25017,71.64994,Amreli
22.25017,71.72956,Valsad
22.25017,71.80919,Mahesana
22.25017,71.88882,Surendranagar
22.25017,71.96844,Mahisagar
22.25017,72.04807,Banaskantha
22.25017,72.12769,Bhavnagar
22.25017,72.20732,Banaskantha
22.25017,72.28694,Dahod
22.25017,72.36657,Kutch
22.25017,72.44619,Surendranagar
22.25017,72.52582,Vadodara
22.25017,72.60544,Jamnagar
22.25017,72.68507,Surat
22.25017,72.76469,Vadodara
22.25017,72.84432,Banaskantha
22.25017,72.92394,Gir
22.25017,73.00357,Jamnagar
22.25017,73.08319,Aravalli
22.25017,73.16282,Kutch
22.25017,73.24244,Gandhinagar
22.25017,73.32207,Unknown
22.25017,73.40169,Banaskantha
22.25017,73.48132,Gir
22.25017,73.56094,Kutch
22.25017,73.64057,Mahesana
22.25017,73.72019,Rajkot
22.25017,73.79982,Unknown
22.25017,73.87944,Surendranagar
22.25017,73.95907,Bharuch
22.25017,74.03869,Nandurbar
22.25017,74.11832,Tapi
22.16957,69.18156,Kutch
22.16957,69.26119,Sabarkantha
22.16957,69.34081,Dahod
22.16957,69.42044,Junagadh
22.16957,69.50006,Surendranagar
22.16957,69.57969,Mahisagar
22.16957,69.65931,Chhota
22.16957,69.73894,Bhavnagar
22.16957,69.81856,Kutch
22.16957,69.89819,Morbi
22.16957,69.97781,Dahod
22.16957,70.05744,Kutch
22.16957,70.13706,Amreli
22.16957,70.21669,Surendranagar
22.16957,70.29631,Kutch
22.16957,70.37594,Vadodara
22.16957,70.45556,Kutch
22.16957,70.53519,Gandhinagar
22.16957,70.61481,Vadodara
22.16957,70.69444,Chhota
22.16957,70.77406,Porbandar
22.16957,70.85369,Valsad
22.16957,70.93331,Sabarkantha
22.16957,71.01294,Vadodara
22.16957,71.09256,Bhavnagar
22.16957,71.17219,Kheda
22.16957,71.25181,Banswara
22.16957,71.33144,Bhavnagar
22.16957,71.41106,Rajkot
22.16957,71.49069,Kutch
22.16957,71.57031,Anand
22.16957,71.64994,Tapi
22.16957,71.72956,Panchmahal
22.16957,71.80919,Banaskantha
22.16957,71.88882,Dahod
22.16957,71.96844,Tapi
22.16957,72.04807,Narmada
22.16957,72.12769,Banaskantha
22.16957,72.20732,Mahesana
22.16957,72.52582,Surendranagar
22.16957,72.60544,Vadodara
22.16957,72.68507,Chhota
22.16957,72.76469,Surat
22.16957,72.84432,Surendranagar
22.16957,72.92394,Banaskantha
22.16957,73.00357,Sabarkantha
22.16957,73.08319,Ahmedabad
22.16957,73.16282,Tapi
22.16957,73.24244,Rajkot
22.16957,73.32207,Junagadh
22.16957,73.40169,Amreli
22.16957,73.48132,Jamnagar
22.16957,73.56094,Rajkot
22.16957,73.64057,Alirajpur
22.16957,73.72019,Vadodara
22.16957,73.79982,Anand
22.16957,73.87944,Surendranagar
22.16957,73.95907,Rajkot
22.16957,74.03869,Kutch
22.16957,74.11832,Dahod
22.16957,74.19794,Surendranagar
22.08897,69.18156,Surat
22.08897,69.26119,Kutch
22.08897,69.34081,Dahod
22.08897,69.42044,Valsad
22.08897,69.50006,Patan
22.08897,69.57969,Chhota
22.08897,69.65931,Surendranagar
22.08897,69.73894,Kutch
22.08897,69.81856,Anand
22.08897,69.89819,Patan
22.08897,69.97781,Surat
22.08897,70.05744,Rajkot
22.08897,70.13706,Valsad
22.08897,70.21669,Dahod
22.08897,70.29631,Bhavnagar
22.08897,70.37594,Mahesana
22.08897,70.45556,Porbandar
22.08897,70.53519,Jamnagar
22.08897,70.61481,Dahod
22.08897,70.69444,Panchmahal
22.08897,70.77406,Dahod
22.08897,70.85369,Mahesana
22.08897,70.93331,Mahisagar
22.08897,71.01294,Morbi
22.08897,71.09256,Banaskantha
22.08897,71.17219,Amreli
22.08897,71.25181,Junagadh
22.08897,71.33144,Kutch
22.08897,71.41106,Chhota
22.08897,71.49069,Patan
22.08897,71.57031,Jamnagar
22.08897,71.64994,Surendranagar
22.08897,71.72956,Amreli
22.08897,71.80919,Junagadh
22.08897,71.88882,Rajkot
22.08897,71.96844,Junagadh
22.08897,72.04807,Valsad
22.08897,72.12769,Gir
22.08897,72.20732,Bhavnagar
22.08897,72.52582,Vadodara
22.08897,72.60544,Amreli
22.08897,72.68507,Panchmahal
22.08897,72.76469,Devbhumi
22.08897,72.84432,Anand
22.08897,72.92394,Valsad
22.08897,73.00357,Sabarkantha
22.08897,73.08319,Morbi
22.08897,73.16282,Jamnagar
22.08897,73.24244,Gandhinagar
22.08897,73.32207,Banaskantha
22.08897,73.40169,Kutch
22.08897,73.48132,Kheda
22.08897,73.56094,Kutch
22.08897,73.64057,Narmada
22.08897,73.72019,Sabarkantha
22.08897,73.79982,Rajkot
22.08897,73.87944,Aravalli
22.08897,73.95907,Nandurbar
22.08897,74.03869,Dang
22.08897,74.11832,Surendranagar
22.08897,74.19794,Junagadh
22.00837,69.18156,Mahisagar
22.00837,69.26119,Rajkot
22.00837,69.34081,Dungarpur
22.00837,69.42044,Ahmedabad
22.00837,69.50006,Dahod
22.00837,69.57969,Aravalli
22.00837,69.65931,Aravalli
22.00837,69.73894,Jamnagar
22.00837,69.81856,Sabarkantha
22.00837,69.89819,Kutch
22.00837,69.97781,Patan
22.00837,70.05744,Vadodara
22.00837,70.13706,Dungarpur
22.00837,70.21669,Rajkot
22.00837,70.29631,Banaskantha
22.00837,70.37594,Surendranagar
22.00837,70.45556,Aravalli
22.00837,70.53519,Rajkot
22.00837,70.61481,Unknown
22.00837,70.69444,Ahmedabad
22.00837,70.77406,Chhota
22.00837,70.85369,Rajkot
22.00837,70.93331,Unknown
22.00837,71.01294,Unknown
22.00837,71.09256,Unknown
22.00837,71.17219,Rajkot
22.00837,71.25181,Nandurbar
22.00837,71.33144,Surat
22.00837,71.41106,Unknown
22.00837,71.49069,Navsari
22.00837,71.57031,Tapi
22.00837,71.64994,Amreli
22.00837,71.72956,Vadodara
22.00837,71.80919,Chhota
22.00837,71.88882,Porbandar
22.00837,71.96844,Jamnagar
22.00837,72.04807,Patan
22.00837,72.12769,Diu
22.00837,72.20732,Jamnagar
22.00837,72.60544,Bharuch
22.00837,72.68507,Valsad
22.00837,72.76469,Kutch
22.00837,72.84432,Kutch
22.00837,72.92394,Rajkot
22.00837,73.00357,Bhavnagar
22.00837,73.08319,Rajkot
22.00837,73.16282,Gir
22.00837,73.24244,Bhavnagar
22.00837,73.32207,Udaipur
22.00837,73.40169,Surat
22.00837,73.48132,Kutch
22.00837,73.56094,Panchmahal
22.00837,73.64057,Navsari
22.00837,73.72019,Devbhumi
22.00837,73.79982,Amreli
22.00837,73.87944,Narmada
22.00837,73.95907,Unknown
22.00837,74.03869,Surat
22.00837,74.11832,Surat
22.00837,74.19794,Surendranagar
21.92777,69.26119,Aravalli
21.92777,69.34081,Mahisagar
21.92777,69.42044,Porbandar
21.92777,69.50006,Kutch
21.92777,69.57969,Devbhumi
21.92777,69.65931,Banaskantha
21.92777,69.73894,Rajkot
21.92777,69.81856,Chhota
21.92777,69.89819,Surendranagar
21.92777,69.97781,Vadodara
21.92777,70.05744,Sanchore
21.92777,70.13706,Narmada
21.92777,70.21669,Panchmahal
21.92777,70.29631,Panchmahal
21.92777,70.37594,Banaskantha
21.92777,70.45556,Kutch
21.92777,70.53519,Kheda
21.92777,70.61481,Amreli
21.92777,70.69444,Aravalli
21.92777,70.77406,Kutch
21.92777,70.85369,Mahesana
21.92777,70.93331,Patan
21.92777,71.01294,Amreli
21.92777,71.09256,Dahod
21.92777,71.17219,Dahod
21.92777,71.25181,Kutch
21.92777,71.33144,Kutch
21.92777,71.41106,Bharuch
21.92777,71.49069,Jamnagar
21.92777,71.57031,Gandhinagar
21.92777,71.64994,Kutch
21.92777,71.72956,Kheda
21.92777,71.80919,Anand
21.92777,71.88882,Kutch
21.92777,71.96844,Devbhumi
21.92777,72.04807,Surendranagar
21.92777,72.12769,Nandurbar
21.92777,72.20732,Aravalli
21.92777,72.60544,Surendranagar
21.92777,72.68507,Kutch
21.92777,72.76469,Bharuch
21.92777,72.84432,Rajkot
21.92777,72.92394,Bhavnagar
21.92777,73.00357,Unknown
21.92777,73.08319,Morbi
21.92777,73.16282,Mahisagar
21.92777,73.24244,Surat
21.92777,73.32207,Mahesana
21.92777,73.40169,Surendranagar
21.92777,73.48132,Banaskantha
21.92777,73.56094,Valsad
21.92777,73.64057,Bhavnagar
21.92777,73.72019,Junagadh
21.92777,73.79982,Mahisagar
21.92777,73.87944,Rajkot
21.84717,69.26119,Surendranagar
21.84717,69.34081,Aravalli
21.84717,69.42044,Sabarkantha
21.84717,69.50006,Rajkot
21.84717,69.57969,Surendranagar
21.84717,69.65931,Devbhumi
21.84717,69.73894,Morbi
21.84717,69.81856,Banaskantha
21.84717,69.89819,Anand
21.84717,69.97781,Amreli
21.84717,70.05744,Sabarkantha
21.84717,70.13706,Dungarpur
21.84717,70.21669,Devbhumi
21.84717,70.29631,Junagadh
21.84717,70.37594,Nandurbar
21.84717,70.45556,Jamnagar
21.84717,70.53519,Tapi
21.84717,70.61481,Kutch
21.84717,70.69444,Tapi
21.84717,70.77406,Amreli
21.84717,70.85369,Kutch
21.84717,70.93331,Kutch
21.84717,71.01294,Sabarkantha
21.84717,71.09256,Kutch
21.84717,71.17219,Surendranagar
21.84717,71.25181,Jamnagar
21.84717,71.33144,Panchmahal
21.84717,71.41106,Banaskantha
21.84717,71.49069,Vadodara
21.84717,71.57031,Jamnagar
21.84717,71.64994,Surendranagar
21.84717,71.72956,Unknown
21.84717,71.80919,Jhabua
21.84717,71.88882,Junagadh
21.84717,71.96844,Rajkot
21.84717,72.04807,Devbhumi
21.84717,72.12769,Panchmahal
21.84717,72.20732,Devbhumi
21.84717,72.60544,Surendranagar
21.84717,72.68507,Jamnagar
21.84717,72.76469,Anand
21.84717,72.84432,Banaskantha
21.84717,72.92394,Banaskantha
21.84717,73.00357,Junagadh
21.84717,73.08319,Gir
21.84717,73.16282,Amreli
21.84717,73.24244,Banaskantha
21.84717,73.32207,Surendranagar
21.84717,73.40169,Panchmahal
21.84717,73.48132,Valsad
21.84717,73.56094,Mahesana
21.84717,73.64057,Kutch
21.84717,73.72019,Gir
21.84717,73.79982,Aravalli
21.84717,73.87944,Porbandar
21.76657,69.34081,Kutch
21.76657,69.42044,Ahmedabad
21.76657,69.50006,Kheda
21.76657,69.57969,Bhavnagar
21.76657,69.65931,Bhavnagar
21.76657,69.73894,Banaskantha
21.76657,69.81856,Bhavnagar
21.76657,69.89819,Aravalli
21.76657,69.97781,Patan
21.76657,70.05744,Patan
21.76657,70.13706,Chhota
21.76657,70.21669,Morbi
21.76657,70.29631,Devbhumi
21.76657,70.37594,Mahesana
21.76657,70.45556,Surat
21.76657,70.53519,Anand
21.76657,70.61481,Surendranagar
21.76657,70.69444,Anand
21.76657,70.77406,Botad
21.76657,70.85369,Jamnagar
21.76657,70.93331,Bhavnagar
21.76657,71.01294,Kutch
21.76657,71.09256,Jamnagar
21.76657,71.17219,Morbi
21.76657,71.25181,Surat
21.76657,71.33144,Botad
21.76657,71.41106,Tapi
21.76657,71.49069,Morbi
21.76657,71.57031,Morbi
21.76657,71.64994,Banaskantha
21.76657,71.72956,Junagadh
21.76657,71.80919,Kutch
21.76657,71.88882,Bhavnagar
21.76657,71.96844,Porbandar
21.76657,72.04807,Kutch
21.76657,72.12769,Anand
21.76657,72.20732,Navsari
21.76657,72.28694,Kutch
21.76657,72.60544,Mahesana
21.76657,72.68507,Mahisagar
21.76657,72.76469,Banaskantha
21.76657,72.84432,Bhavnagar
21.76657,72.92394,Aravalli
21.76657,73.00357,Kutch
21.76657,73.08319,Alirajpur
21.76657,73.16282,Ahmedabad
21.76657,73.24244,Bhavnagar
21.76657,73.32207,Kutch
21.76657,73.40169,Banaskantha
21.76657,73.48132,Banaskantha
21.76657,73.56094,Ahmedabad
21.76657,73.64057,Kutch
21.76657,73.72019,Banaskantha
21.76657,73.79982,Patan
21.76657,73.87944,Morbi
21.68597,69.42044,Aravalli
21.68597,69.50006,Panchmahal
21.68597,69.57969,Nandurbar
21.68597,69.65931,Panchmahal
21.68597,69.73894,Bhavnagar
21.68597,69.81856,Bhavnagar
21.68597,69.89819,Banaskantha
21.68597,69.97781,Bhavnagar
21.68597,70.05744,Jamnagar
21.68597,70.13706,Alirajpur
21.68597,70.21669,Kutch
21.68597,70.29631,Kheda
21.68597,70.37594,Ahmedabad
21.68597,70.45556,Botad
21.68597,70.53519,Rajkot
21.68597,70.61481,Kutch
21.68597,70.69444,Kutch
21.68597,70.77406,Rajkot
21.68597,70.85369,Tapi
21.68597,70.93331,Kheda
21.68597,71.01294,Alirajpur
21.68597,71.09256,Mahesana
21.68597,71.17219,Rajkot
21.68597,71.25181,Rajkot
21.68597,71.33144,Jamnagar
21.68597,71.41106,Jamnagar
21.68597,71.49069,Rajkot
21.68597,71.57031,Surendranagar
21.68597,71.64994,Vadodara
21.68597,71.72956,Patan
21.68597,71.80919,Porbandar
21.68597,71.88882,Ahmedabad
21.68597,71.96844,Surat
21.68597,72.04807,Surendranagar
21.68597,72.12769,Unknown
21.68597,72.20732,Ahmedabad
21.68597,72.28694,Jamnagar
21.68597,72.36657,Ahmedabad
21.68597,72.60544,Kutch
21.68597,72.68507,Mahesana
21.68597,72.76469,Bhavnagar
21.68597,72.84432,Bharuch
21.68597,72.92394,Morbi
21.68597,73.00357,Devbhumi
21.68597,73.08319,Amreli
21.68597,73.16282,Gir
21.68597,73.24244,Kutch
21.68597,73.32207,Junagadh
21.68597,73.40169,Banaskantha
21.68597,73.48132,Panchmahal
21.68597,73.56094,Anand
21.68597,73.64057,Jamnagar
21.68597,73.72019,Bhavnagar
21.68597,73.79982,Gandhinagar
21.68597,73.87944,Banaskantha
21.60537,69.57969,Bhavnagar
21.60537,69.65931,Jamnagar
21.60537,69.73894,Banaskantha
21.60537,69.81856,Kutch
21.60537,69.89819,Surendranagar
21.60537,69.97781,Amreli
21.60537,70.05744,Rajkot
21.60537,70.13706,Dungarpur
21.60537,70.21669,Ahmedabad
21.60537,70.29631,Surendranagar
21.60537,70.37594,Bhavnagar
21.60537,70.45556,Narmada
21.60537,70.53519,Amreli
21.60537,70.61481,Sanchore
21.60537,70.69444,Valsad
21.60537,70.77406,Ahmedabad
21.60537,70.85369,Ahmedabad
21.60537,70.93331,Aravalli
21.60537,71.01294,Patan
21.60537,71.09256,Tapi
21.60537,71.17219,Kutch
21.60537,71.25181,Rajkot
21.60537,71.33144,Kutch
21.60537,71.41106,Banaskantha
21.60537,71.49069,Bharuch
21.60537,71.57031,Narmada
21.60537,71.64994,Kutch
21.60537,71.72956,Patan
21.60537,71.80919,Morbi
21.60537,71.88882,Ahmedabad
21.60537,71.96844,Dahod
21.60537,72.04807,Valsad
21.60537,72.12769,Surendranagar
21.60537,72.20732,Kutch
21.60537,72.28694,Aravalli
21.60537,72.36657,Kutch
21.60537,72.68507,Ahmedabad
21.60537,72.76469,Banaskantha
21.60537,72.84432,Panchmahal
21.60537,72.92394,Bharuch
21.60537,73.00357,Mahesana
21.60537,73.08319,Ahmedabad
21.60537,73.16282,Rajkot
21.60537,73.24244,Patan
21.60537,73.32207,Patan
21.60537,73.40169,Sabarkantha
21.60537,73.48132,Morbi
21.60537,73.56094,Kutch
21.60537,73.64057,Sabarkantha
21.60537,73.72019,Nandurbar
21.60537,73.79982,Jamnagar
21.60537,73.87944,Dahod
21.60537,73.95907,Udaipur
21.60537,74.03869,Jamnagar
21.60537,74.11832,Botad
21.60537,74.19794,Kutch
21.60537,74.27757,Morbi
21.60537,74.35719,Kheda
21.52477,69.65931,Kutch
21.52477,69.73894,Ahmedabad
21.52477,69.81856,Aravalli
21.52477,69.89819,Bharuch
21.52477,69.97781,Kutch
21.52477,70.05744,Mahesana
21.52477,70.13706,Botad
21.52477,70.21669,Kutch
21.52477,70.29631,Mahisagar
21.52477,70.37594,Morbi
21.52477,70.45556,Morbi
21.52477,70.53519,Morbi
21.52477,70.61481,Kutch
21.52477,70.69444,Junagadh
21.52477,70.77406,Kutch
21.52477,70.85369,Junagadh
21.52477,70.93331,Sabarkantha
21.52477,71.01294,Kutch
21.52477,71.09256,Surendranagar
21.52477,71.17219,Kutch
21.52477,71.25181,Jamnagar
21.52477,71.33144,Mahisagar
21.52477,71.41106,Gir
21.52477,71.49069,Jamnagar
21.52477,71.57031,Valsad
21.52477,71.64994,Vadodara
21.52477,71.72956,Surendranagar
21.52477,71.80919,Kutch
21.52477,71.88882,Morbi
21.52477,71.96844,Kutch
21.52477,72.04807,Vadodara
21.52477,72.12769,Banaskantha
21.52477,72.20732,Junagadh
21.52477,72.28694,Ahmedabad
21.52477,72.60544,Surendranagar
21.52477,72.68507,Rajkot
21.52477,72.76469,Patan
21.52477,72.84432,Kheda
21.52477,72.92394,Anand
21.52477,73.00357,Nashik
21.52477,73.08319,Morbi
21.52477,73.16282,Rajkot
21.52477,73.24244,Patan
21.52477,73.32207,Jamnagar
21.52477,73.40169,Bharuch
21.52477,73.48132,Kutch
21.52477,73.56094,Botad
21.52477,73.64057,Amreli
21.52477,73.72019,Kutch
21.52477,73.79982,Chhota
21.52477,73.87944,Gir
21.52477,73.95907,Gir
21.52477,74.03869,Alirajpur
21.52477,74.11832,Kutch
21.52477,74.19794,Ahmedabad
21.52477,74.27757,Rajkot
21.52477,74.35719,Kutch
21.44416,69.65931,Unknown
21.44416,69.73894,Sanchore
21.44416,69.81856,Mahesana
21.44416,69.89819,Banaskantha
21.44416,69.97781,Bhavnagar
21.44416,70.05744,Rajkot
21.44416,70.13706,Bharuch
21.44416,70.21669,Bhavnagar
21.44416,70.29631,Mahesana
21.44416,70.37594,Bharuch
21.44416,70.45556,Morbi
21.44416,70.53519,Mahesana
21.44416,70.61481,Kutch
21.44416,70.69444,Navsari
21.44416,70.77406,Surat
21.44416,70.85369,Navsari
21.44416,70.93331,Amreli
21.44416,71.01294,Panchmahal
21.44416,71.09256,Botad
21.44416,71.17219,Mahisagar
21.44416,71.25181,Gir
21.44416,71.33144,Banaskantha
21.44416,71.41106,Rajkot
21.44416,71.49069,Morbi
21.44416,71.57031,Gandhinagar
21.44416,71.64994,Kutch
21.44416,71.72956,Surat
21.44416,71.80919,Kutch
21.44416,71.88882,Bhavnagar
21.44416,71.96844,Chhota
21.44416,72.04807,Banaskantha
21.44416,72.12769,Mahesana
21.44416,72.20732,Patan
21.44416,72.28694,Vadodara
21.44416,72.60544,Surendranagar
21.44416,72.68507,Devbhumi
21.44416,72.76469,Botad
21.44416,72.84432,Valsad
21.44416,72.92394,Tapi
21.44416,73.00357,Jamnagar
21.44416,73.08319,Surat
21.44416,73.16282,Banaskantha
21.44416,73.24244,Kutch
21.44416,73.32207,Amreli
21.44416,73.40169,Patan
21.44416,73.48132,Ahmedabad
21.44416,73.56094,Banaskantha
21.44416,73.64057,Amreli
21.44416,73.72019,Amreli
21.44416,73.79982,Valsad
21.44416,73.87944,Sabarkantha
21.44416,73.95907,Patan
21.44416,74.03869,Kutch
21.44416,74.11832,Kutch
21.44416,74.19794,Kutch
21.44416,74.27757,Bhavnagar
21.44416,74.35719,Bhavnagar
21.36356,69.81856,Alirajpur
21.36356,69.89819,Banaskantha
21.36356,69.97781,Sabarkantha
21.36356,70.05744,Patan
21.36356,70.13706,Navsari
21.36356,70.21669,Chhota
21.36356,70.29631,Bhavnagar
21.36356,70.37594,Kutch
21.36356,70.45556,Bharuch
21.36356,70.53519,Chhota
21.36356,70.61481,Kutch
21.36356,70.69444,Bharuch
21.36356,70.77406,Rajkot
21.36356,70.85369,Patan
21.36356,70.93331,Gandhinagar
21.36356,71.01294,Kutch
21.36356,71.09256,Rajkot
21.36356,71.17219,Sirohi
21.36356,71.25181,Ahmedabad
21.36356,71.33144,Panchmahal
21.36356,71.41106,Aravalli
21.36356,71.49069,Kutch
21.36356,71.57031,Rajkot
21.36356,71.64994,Chhota
21.36356,71.72956,Dahod
21.36356,71.80919,Kutch
21.36356,71.88882,Banaskantha
21.36356,71.96844,Gir
21.36356,72.04807,Narmada
21.36356,72.12769,Sabarkantha
21.36356,72.20732,Ahmedabad
21.36356,72.60544,Kutch
21.36356,72.68507,Mahesana
21.36356,72.76469,Kutch
21.36356,72.84432,Junagadh
21.36356,72.92394,Jamnagar
21.36356,73.00357,Gir
21.36356,73.08319,Vadodara
21.36356,73.16282,Dahod
21.36356,73.24244,Banaskantha
21.36356,73.32207,Devbhumi
21.36356,73.40169,Porbandar
21.36356,73.48132,Gir
21.36356,73.56094,Ahmedabad
21.36356,73.64057,Unknown
21.36356,73.72019,Amreli
21.36356,73.79982,Narmada
21.36356,73.87944,Rajkot
21.36356,73.95907,Surendranagar
21.36356,74.03869,Gandhinagar
21.28296,69.81856,Junagadh
21.28296,69.89819,Gir
21.28296,69.97781,Amreli
21.28296,70.05744,Vadodara
21.28296,70.13706,Surendranagar
21.28296,70.21669,Mahesana
21.28296,70.29631,Kheda
21.28296,70.37594,Ahmedabad
21.28296,70.45556,Ahmedabad
21.28296,70.53519,Valsad
21.28296,70.61481,Navsari
21.28296,70.69444,Porbandar
21.28296,70.77406,Dahod
21.28296,70.85369,Dahod
21.28296,70.93331,Jamnagar
21.28296,71.01294,Nandurbar
21.28296,71.09256,Mahisagar
21.28296,71.17219,Porbandar
21.28296,71.25181,Dahod
21.28296,71.33144,Kheda
21.28296,71.41106,Mahesana
21.28296,71.49069,Mahesana
21.28296,71.57031,Jamnagar
21.28296,71.64994,Bhavnagar
21.28296,71.72956,Amreli
21.28296,71.80919,Kutch
21.28296,71.88882,Kheda
21.28296,71.96844,Sanchore
21.28296,72.04807,Bharuch
21.28296,72.12769,Valsad
21.28296,72.60544,Rajkot
21.28296,72.68507,Surendranagar
21.28296,72.76469,Aravalli
21.28296,72.84432,Patan
21.28296,72.92394,Dahod
21.28296,73.00357,Vadodara
21.28296,73.08319,Amreli
21.28296,73.16282,Panchmahal
21.28296,73.24244,Banswara
21.28296,73.32207,Patan
21.28296,73.40169,Banaskantha
21.28296,73.48132,Bharuch
21.28296,73.56094,Kutch
21.28296,73.64057,Patan
21.28296,73.72019,Bharuch
21.28296,73.79982,Dang
21.28296,73.87944,Narmada
21.28296,73.95907,Nandurbar
21.20236,69.89819,Porbandar
21.20236,69.97781,Banaskantha
21.20236,70.05744,Ahmedabad
21.20236,70.13706,Banaskantha
21.20236,70.21669,Botad
21.20236,70.29631,Rajkot
21.20236,70.37594,Patan
21.20236,70.45556,Banaskantha
21.20236,70.53519,Jamnagar
21.20236,70.61481,Junagadh
21.20236,70.69444,Banaskantha
21.20236,70.77406,Navsari
21.20236,70.85369,Sabarkantha
21.20236,70.93331,Porbandar
21.20236,71.01294,Kutch
21.20236,71.09256,Junagadh
21.20236,71.17219,Mahesana
21.20236,71.25181,Kutch
21.20236,71.33144,Gir
21.20236,71.41106,Mahisagar
21.20236,71.49069,Banaskantha
21.20236,71.57031,Sabarkantha
21.20236,71.64994,Tapi
21.20236,71.72956,Chhota
21.20236,71.80919,Aravalli
21.20236,71.88882,Morbi
21.20236,71.96844,Kutch
21.20236,72.04807,Udaipur
21.20236,72.12769,Bhavnagar
21.20236,72.60544,Kutch
21.20236,72.68507,Navsari
21.20236,72.76469,Jamnagar
21.20236,72.84432,Jamnagar
21.20236,72.92394,Bhavnagar
21.20236,73.00357,Patan
21.20236,73.08319,Banaskantha
21.20236,73.16282,Junagadh
21.20236,73.24244,Panchmahal
21.20236,73.32207,Aravalli
21.20236,73.40169,Kutch
21.20236,73.48132,Bharuch
21.20236,73.56094,Mahisagar
21.20236,73.64057,Rajkot
21.20236,73.72019,Surendranagar
21.20236,73.79982,Panchmahal
21.20236,73.87944,Morbi
21.12176,69.97781,Ahmedabad
21.12176,70.05744,Surendranagar
21.12176,70.13706,Bhavnagar
21.12176,70.21669,Ahmedabad
21.12176,70.29631,Navsari
21.12176,70.37594,Amreli
21.12176,70.45556,Banaskantha
21.12176,70.53519,Vadodara
21.12176,70.61481,Surendranagar
21.12176,70.69444,Surendranagar
21.12176,71.01294,Banaskantha
21.12176,71.09256,Kutch
21.12176,71.17219,Surendranagar
21.12176,71.25181,Kheda
21.12176,71.33144,Ahmedabad
21.12176,71.41106,Ahmedabad
21.12176,71.49069,Banaskantha
21.12176,71.57031,Patan
21.12176,71.64994,Tapi
21.12176,71.72956,Bhavnagar
21.12176,71.80919,Gir
21.12176,71.88882,Kutch
21.12176,71.96844,Aravalli
21.12176,72.04807,Nashik
21.12176,72.12769,Ahmedabad
21.12176,72.60544,Sabarkantha
21.12176,72.68507,Sabarkantha
21.12176,72.76469,Surat
21.12176,72.84432,Bhavnagar
21.12176,72.92394,Bharuch
21.12176,73.00357,Bhavnagar
21.12176,73.08319,Bharuch
21.12176,73.16282,Ahmedabad
21.12176,73.24244,Banswara
21.12176,73.32207,Bharuch
21.12176,73.40169,Devbhumi
21.12176,73.48132,Valsad
21.12176,73.56094,Rajkot
21.12176,73.64057,Bhavnagar
21.12176,73.72019,Mahisagar
21.12176,73.79982,Mahesana
21.12176,73.87944,Anand
21.04116,70.13706,Botad
21.04116,70.21669,Ahmedabad
21.04116,70.29631,Amreli
21.04116,70.37594,Banaskantha
21.04116,70.45556,Valsad
21.04116,70.53519,Chhota
21.04116,70.61481,Rajkot
21.04116,70.69444,Surendranagar
21.04116,70.77406,Porbandar
21.04116,70.85369,Banaskantha
21.04116,70.93331,Rajkot
21.04116,71.01294,Vadodara
21.04116,71.09256,Unknown
21.04116,71.17219,Valsad
21.04116,71.25181,Dahod
21.04116,71.33144,Kutch
21.04116,71.41106,Aravalli
21.04116,71.49069,Kutch
21.04116,71.57031,Narmada
21.04116,71.64994,Amreli
21.04116,71.72956,Botad
21.04116,71.80919,Kutch
21.04116,71.88882,Gir
21.04116,72.68507,Amreli
21.04116,72.76469,Gir
21.04116,72.84432,Bhavnagar
21.04116,72.92394,Kutch
21.04116,73.00357,Gandhinagar
21.04116,73.08319,Kutch
21.04116,73.16282,Rajkot
21.04116,73.24244,Bhavnagar
21.04116,73.32207,Banaskantha
21.04116,73.40169,Vadodara
21.04116,73.48132,Morbi
21.04116,73.56094,Tapi
21.04116,73.64057,Narmada
21.04116,73.72019,Junagadh
21.04116,73.79982,Banaskantha
20.96056,70.13706,Bhavnagar
20.96056,70.21669,Devbhumi
20.96056,70.29631,Narmada
20.96056,70.37594,Kutch
20.96056,70.45556,Valsad
20.96056,70.53519,Kutch
20.96056,70.61481,Amreli
20.96056,70.69444,Surat
20.96056,70.77406,Surat
20.96056,70.85369,Anand
20.96056,70.93331,Ahmedabad
20.96056,71.01294,Jamnagar
20.96056,71.09256,Patan
20.96056,71.17219,Bhavnagar
20.96056,71.25181,Mahisagar
20.96056,71.33144,Rajkot
20.96056,71.41106,Tapi
20.96056,71.49069,Anand
20.96056,71.57031,Morbi
20.96056,71.64994,Kutch
20.96056,71.72956,Patan
20.96056,71.80919,Gir
20.96056,72.68507,Junagadh
20.96056,72.76469,Ahmedabad
20.96056,72.84432,Surendranagar
20.96056,72.92394,Vadodara
20.96056,73.00357,Kutch
20.96056,73.08319,Kutch
20.96056,73.16282,Jamnagar
20.96056,73.24244,Aravalli
20.96056,73.32207,Junagadh
20.96056,73.40169,Bhavnagar
20.96056,73.48132,Kutch
20.96056,73.56094,Rajkot
20.96056,73.64057,Banaskantha
20.96056,73.72019,Porbandar
20.96056,73.79982,Devbhumi
20.96056,73.87944,Junagadh
20.87996,70.29631,Tapi
20.87996,70.37594,Mahisagar
20.87996,70.45556,Jamnagar
20.87996,70.53519,Banaskantha
20.87996,70.61481,Kutch
20.87996,70.69444,Unknown
20.87996,70.77406,Ahmedabad
20.87996,70.85369,Surat
20.87996,70.93331,Gir
20.87996,71.01294,Dahod
20.87996,71.09256,Navsari
20.87996,71.17219,Junagadh
20.87996,71.25181,Navsari
20.87996,71.33144,Surendranagar
20.87996,71.41106,Sanchore
20.87996,71.49069,Gir
20.87996,72.76469,Navsari
20.87996,72.84432,Navsari
20.87996,72.92394,Surendranagar
20.87996,73.00357,Surendranagar
20.87996,73.08319,Amreli
20.87996,73.16282,Kutch
20.87996,73.24244,Jamnagar
20.87996,73.32207,Gir
20.87996,73.40169,Banaskantha
20.87996,73.48132,Kutch
20.87996,73.56094,Rajkot
20.87996,73.79982,Morbi
20.87996,73.87944,Kheda
20.79936,70.37594,Kutch
20.79936,70.45556,Devbhumi
20.79936,70.53519,Banaskantha
20.79936,70.61481,Surat
20.79936,70.69444,Gir
20.79936,70.77406,Bharuch
20.79936,70.85369,Gandhinagar
20.79936,70.93331,Sirohi
20.79936,71.01294,Junagadh
20.79936,71.09256,Bhavnagar
20.79936,71.17219,Anand
20.79936,71.25181,Kutch
20.79936,71.33144,Surendranagar
20.79936,71.41106,Aravalli
20.79936,72.84432,Junagadh
20.79936,72.92394,Kheda
20.79936,73.00357,Alirajpur
20.79936,73.08319,Devbhumi
20.79936,73.16282,Ahmedabad
20.79936,73.24244,Gir
20.79936,73.32207,Surendranagar
20.79936,73.40169,Amreli
20.79936,73.48132,Kutch
20.79936,73.56094,Banaskantha
20.79936,73.72019,Surat
20.79936,73.79982,Mahesana
20.79936,73.87944,Patan
20.71876,70.53519,Panchmahal
20.71876,70.61481,Kutch
20.71876,70.69444,Kutch
20.71876,70.77406,Kheda
20.71876,70.85369,Morbi
20.71876,70.93331,Amreli
20.71876,71.01294,Bharuch
20.71876,71.09256,Anand
20.71876,71.17219,Morbi
20.71876,72.84432,Navsari
20.71876,72.92394,Kutch
20.71876,73.00357,Bhavnagar
20.71876,73.08319,Ahmedabad
20.71876,73.16282,Rajkot
20.71876,73.24244,Patan
20.71876,73.32207,Vadodara
20.71876,73.40169,Kutch
20.71876,73.48132,Chhota
20.71876,73.56094,Junagadh
20.71876,73.64057,Ahmedabad
20.71876,73.72019,Gandhinagar
20.71876,73.79982,Kutch
20.63816,72.84432,Banaskantha
20.63816,72.92394,Nashik
20.63816,73.00357,Jamnagar
20.63816,73.08319,Nandurbar
20.63816,73.16282,Gir
20.63816,73.24244,Surat
20.63816,73.32207,Amreli
20.63816,73.40169,Amreli
20.63816,73.48132,Navsari
20.63816,73.56094,Tapi
20.63816,73.64057,Bhavnagar
20.55756,72.84432,Navsari
20.55756,72.92394,Morbi
20.55756,73.00357,Valsad
20.55756,73.08319,Kutch
20.55756,73.16282,Kutch
20.55756,73.24244,Patan
20.55756,73.32207,Banaskantha
20.55756,73.40169,Bhavnagar
20.55756,73.48132,Banaskantha
20.47696,72.84432,Bharuch
20.47696,72.92394,Mahisagar
20.47696,73.00357,Anand
20.47696,73.08319,Unknown
20.47696,73.16282,Vadodara
20.47696,73.24244,Banaskantha
20.47696,73.32207,Rajkot
20.47696,73.40169,Surendranagar
20.47696,73.48132,Kheda
20.39636,72.76469,Surat
20.39636,72.84432,Kutch
20.39636,72.92394,Surat
20.39636,73.00357,Surendranagar
20.39636,73.08319,Surat
20.39636,73.16282,Chhota
20.39636,73.24244,Kheda
20.39636,73.32207,Rajkot
20.31576,72.68507,Kutch
20.31576,72.76469,Narmada
20.31576,72.84432,Jamnagar
20.31576,72.92394,Surendranagar
20.31576,73.00357,Sanchore
20.31576,73.08319,Gandhinagar
20.31576,73.16282,Gandhinagar
20.31576,73.24244,Rajkot
20.31576,73.32207,Patan
20.31576,73.40169,Amreli
20.31576,73.48132,Mahisagar
20.23516,72.68507,Dahod
20.23516,72.76469,Ahmedabad
20.23516,72.84432,Valsad
20.23516,72.92394,Kutch
20.23516,73.00357,Gir
20.23516,73.08319,Kutch
20.23516,73.16282,Kutch
20.23516,73.24244,Tapi
20.23516,73.32207,Surendranagar
20.23516,73.40169,Anand
20.23516,73.48132,Gir
20.15456,72.68507,Surendranagar
20.15456,72.76469,Patan
20.15456,72.84432,Chhota
20.15456,72.92394,Aravalli
20.15456,73.00357,Kutch
20.15456,73.08319,Amreli
20.15456,73.16282,Gir
